player_id,role_cluster,performance_score,market_value,inefficiency_score,rationale
3329.0,0,8.133896109375002,4.058715302502606,2.2307922851400335,High per-90 output with below-median market value; profile suggests undervalued contribution for role cluster
3707.0,0,6.02184975532068,4.52307420669689,1.267949312251195,High per-90 output with below-median market value; profile suggests undervalued contribution for role cluster
3244.0,0,5.658682634730539,3.9246720881336934,1.267144080835086,High per-90 output with below-median market value; profile suggests undervalued contribution for role cluster
5207.0,0,3.8390471390168397,3.757648496803341,0.5753603753395977,High per-90 output with below-median market value; profile suggests undervalued contribution for role cluster
5214.0,0,7.246572251112566,9.50816985366895,0.5499200269896272,High per-90 output with below-median market value; profile suggests undervalued contribution for role cluster
20016.0,0,5.901948961363637,7.515951868161447,0.49268121610237936,High per-90 output with below-median market value; profile suggests undervalued contribution for role cluster
3594.0,0,4.1125331991113745,5.339050270285985,0.30128717502092983,High per-90 output with below-median market value; profile suggests undervalued contribution for role cluster
10960.0,0,3.0920595903214285,3.715770464597586,0.2848900355249886,High per-90 output with below-median market value; profile suggests undervalued contribution for role cluster
3336.0,0,5.138165784507042,7.6379938785354256,0.15563263964424745,High per-90 output with below-median market value; profile suggests undervalued contribution for role cluster
10956.0,0,3.2128269307126693,5.079155507310936,0.0023107784453056945,High per-90 output with below-median market value; profile suggests undervalued contribution for role cluster
5209.0,0,6.136030965863874,10.550688839411617,-0.15028619827100187,High per-90 output with below-median market value; profile suggests undervalued contribution for role cluster
3468.0,0,3.1561085972850678,5.899915909398738,-0.21989086612479453,High per-90 output with below-median market value; profile suggests undervalued contribution for role cluster
3960.0,0,4.348330064402344,8.309601484893765,-0.32539844948359803,High per-90 output with below-median market value; profile suggests undervalued contribution for role cluster
4367.0,0,2.289464776923575,7.202727654901122,-0.8851633863195935,High per-90 output with below-median market value; profile suggests undervalued contribution for role cluster
5205.0,0,2.25,7.63199053182527,-1.005320789945861,High per-90 output with below-median market value; profile suggests undervalued contribution for role cluster
3168.0,0,3.1583454465725804,9.959044076168835,-1.2050086428807596,High per-90 output with below-median market value; profile suggests undervalued contribution for role cluster
3318.0,0,2.544409137296512,11.55520834301422,-1.8398323139117452,High per-90 output with below-median market value; profile suggests undervalued contribution for role cluster
2954.0,1,10.061151787862903,2.7495550140839837,3.324475683420704,High per-90 output with below-median market value; profile suggests undervalued contribution for role cluster
5625.0,1,8.074124563333335,2.571748160264289,2.5679405568412257,High per-90 output with below-median market value; profile suggests undervalued contribution for role cluster
5612.0,1,8.806533230167684,4.2899044754010855,2.445352229168808,High per-90 output with below-median market value; profile suggests undervalued contribution for role cluster
3094.0,1,7.237354452777778,3.671540381335588,1.9640076633406167,High per-90 output with below-median market value; profile suggests undervalued contribution for role cluster
5613.0,1,7.887497997096774,4.809138997368399,1.9493352088189093,High per-90 output with below-median market value; profile suggests undervalued contribution for role cluster
5624.0,1,7.1686789844758065,3.764653238203327,1.9137491774248008,High per-90 output with below-median market value; profile suggests undervalued contribution for role cluster
5236.0,1,8.503675646795056,6.434772808362359,1.802441903742237,High per-90 output with below-median market value; profile suggests undervalued contribution for role cluster
3457.0,1,6.211633917459677,2.811687910873003,1.760051774235188,High per-90 output with below-median market value; profile suggests undervalued contribution for role cluster
3296.0,1,7.158911489758063,4.985853994776777,1.6131715574320824,High per-90 output with below-median market value; profile suggests undervalued contribution for role cluster
5540.0,1,6.653225806451612,4.200492147092404,1.6004213947744792,High per-90 output with below-median market value; profile suggests undervalued contribution for role cluster
4831.0,1,7.957049832635871,6.909110309075529,1.467216107209799,High per-90 output with below-median market value; profile suggests undervalued contribution for role cluster
5611.0,1,6.953886590624999,5.260392864415444,1.4639650931169732,High per-90 output with below-median market value; profile suggests undervalued contribution for role cluster
6330.0,1,8.922089946061046,9.025758540769788,1.3414567291862975,High per-90 output with below-median market value; profile suggests undervalued contribution for role cluster
5241.0,1,7.121616650701531,6.5657340013595205,1.2143867740265963,High per-90 output with below-median market value; profile suggests undervalued contribution for role cluster
4597.0,1,6.903519592657258,6.549408862199595,1.1305739727543376,High per-90 output with below-median market value; profile suggests undervalued contribution for role cluster
5621.0,1,6.358695652173913,5.727627787821567,1.1109184089503659,High per-90 output with below-median market value; profile suggests undervalued contribution for role cluster
3037.0,1,6.774193548387096,6.644954936039556,1.05531414319233,High per-90 output with below-median market value; profile suggests undervalued contribution for role cluster
11098.0,1,8.191742117266484,11.644638989779848,0.41134862020434615,High per-90 output with below-median market value; profile suggests undervalued contribution for role cluster
5632.0,1,7.6783066716532264,10.8986263696329,0.38592091099618153,High per-90 output with below-median market value; profile suggests undervalued contribution for role cluster
4417.0,1,7.699027193466495,12.276351138918177,0.059592090793465946,High per-90 output with below-median market value; profile suggests undervalued contribution for role cluster
5225.0,1,6.084183673469388,10.725058033654488,-0.21351006213628948,High per-90 output with below-median market value; profile suggests undervalued contribution for role cluster
5226.0,1,4.937014725797872,8.896700817628266,-0.23108266228441887,High per-90 output with below-median market value; profile suggests undervalued contribution for role cluster
5218.0,1,5.224992881447369,11.5192372986872,-0.7522291080457382,High per-90 output with below-median market value; profile suggests undervalued contribution for role cluster
5696.0,2,5.046058159622844,8.207934990244807,-0.019884820951814527,High per-90 output with below-median market value; profile suggests undervalued contribution for role cluster
5686.0,2,4.904454099682692,8.018793983067223,-0.030931826139179667,High per-90 output with below-median market value; profile suggests undervalued contribution for role cluster
6196.0,2,4.364758616596639,8.126993287788087,-0.2744283416609898,High per-90 output with below-median market value; profile suggests undervalued contribution for role cluster
4276.0,2,2.28515625,5.843234242950598,-0.5566578117830485,High per-90 output with below-median market value; profile suggests undervalued contribution for role cluster
6360.0,2,0.09615384615384615,5.740901517958115,-1.412816406683167,High per-90 output with below-median market value; profile suggests undervalued contribution for role cluster
6193.0,2,2.7005801445,10.390650214881973,-1.4940903554831635,High per-90 output with below-median market value; profile suggests undervalued contribution for role cluster
5688.0,2,2.4065152339960627,10.434292887914868,-1.6230452507745743,High per-90 output with below-median market value; profile suggests undervalued contribution for role cluster
6334.0,2,1.814516129032258,11.425475825725316,-2.1020814825823946,High per-90 output with below-median market value; profile suggests undervalued contribution for role cluster
3205.0,2,3.8827433628318584,17.108009373998133,-2.650039272885852,High per-90 output with below-median market value; profile suggests undervalued contribution for role cluster
3494.0,2,6.10312384180328,29.36747776648329,-4.734387249183331,High per-90 output with below-median market value; profile suggests undervalued contribution for role cluster
5220.0,3,2.410714285714286,3.0417334299286813,0.17439910906821043,High per-90 output with below-median market value; profile suggests undervalued contribution for role cluster
3233.0,3,3.5982659809943187,5.362858110992615,0.08852472291072322,High per-90 output with below-median market value; profile suggests undervalued contribution for role cluster
5835.0,3,3.0648794416508154,4.617717864778353,0.05485530496439828,High per-90 output with below-median market value; profile suggests undervalued contribution for role cluster
5224.0,3,4.445098125657217,7.511245996517936,-0.09252029116044323,High per-90 output with below-median market value; profile suggests undervalued contribution for role cluster
3576.0,3,1.693548387096774,3.037532828745524,-0.11322115714663306,High per-90 output with below-median market value; profile suggests undervalued contribution for role cluster
5607.0,3,3.0570652173913047,5.654357160142494,-0.20010365748281256,High per-90 output with below-median market value; profile suggests undervalued contribution for role cluster
3645.0,3,3.508064516129032,6.540726174819954,-0.23389937431043412,High per-90 output with below-median market value; profile suggests undervalued contribution for role cluster
3702.0,3,2.4854651162790695,6.435413349629004,-0.6198871432750073,High per-90 output with below-median market value; profile suggests undervalued contribution for role cluster
5723.0,3,1.6587999949736842,5.169680659338793,-0.6451345107121988,High per-90 output with below-median market value; profile suggests undervalued contribution for role cluster
5630.0,3,0.7242435777925532,3.66715749927942,-0.6562856615810704,High per-90 output with below-median market value; profile suggests undervalued contribution for role cluster
5228.0,3,1.6237113402061858,5.373695250585006,-0.7088147327387235,High per-90 output with below-median market value; profile suggests undervalued contribution for role cluster
3101.0,3,0.36290322580645157,3.8246148926278702,-0.839964335662425,High per-90 output with below-median market value; profile suggests undervalued contribution for role cluster
5545.0,3,1.0981979842741934,5.543256465747549,-0.9615089622387725,High per-90 output with below-median market value; profile suggests undervalued contribution for role cluster
5233.0,3,2.013157894736842,7.747654214095543,-1.1287398856906006,High per-90 output with below-median market value; profile suggests undervalued contribution for role cluster
5550.0,3,1.7396907216494846,7.523103200681248,-1.1842567920941265,High per-90 output with below-median market value; profile suggests undervalued contribution for role cluster
5724.0,3,1.1968085106382977,6.818836843778865,-1.2316768010802748,High per-90 output with below-median market value; profile suggests undervalued contribution for role cluster
5543.0,3,0.49112288225806444,5.659142350295735,-1.2339912005301523,High per-90 output with below-median market value; profile suggests undervalued contribution for role cluster
5240.0,3,0.5923557625128866,7.601716378290002,-1.6651255397201081,High per-90 output with below-median market value; profile suggests undervalued contribution for role cluster
5204.0,3,2.2551327203684215,10.741810154544972,-1.7586729540999506,High per-90 output with below-median market value; profile suggests undervalued contribution for role cluster
5725.0,3,1.1968085106382977,9.08727220068844,-1.7827109434923512,High per-90 output with below-median market value; profile suggests undervalued contribution for role cluster
3569.0,3,0.5069013858870967,9.59457745897002,-2.1836120683115885,High per-90 output with below-median market value; profile suggests undervalued contribution for role cluster
5231.0,3,0.846774193548387,10.384905405848595,-2.2388036158673357,High per-90 output with below-median market value; profile suggests undervalued contribution for role cluster
5229.0,3,0.8377659574468085,10.497970520147884,-2.269894268031748,High per-90 output with below-median market value; profile suggests undervalued contribution for role cluster
5615.0,3,0.8467741935483869,12.572436332310854,-2.7701849595725494,High per-90 output with below-median market value; profile suggests undervalued contribution for role cluster
6358.0,3,0.6048387096774193,15.358448405827108,-3.5443183532655804,High per-90 output with below-median market value; profile suggests undervalued contribution for role cluster
5720.0,3,1.3917525773195878,18.57599414858621,-4.009192063777213,High per-90 output with below-median market value; profile suggests undervalued contribution for role cluster
3500.0,4,11.73879430282258,9.417276754626796,2.3800019272924393,High per-90 output with below-median market value; profile suggests undervalued contribution for role cluster
5237.0,4,8.604201872723683,6.1061705928011305,1.922723096006666,High per-90 output with below-median market value; profile suggests undervalued contribution for role cluster
5727.0,4,7.115980390223685,6.45120928500469,1.2399379540337825,High per-90 output with below-median market value; profile suggests undervalued contribution for role cluster
5546.0,4,5.812990898467741,5.072951442947461,1.0503163039735128,High per-90 output with below-median market value; profile suggests undervalued contribution for role cluster
5245.0,4,8.619304153224734,9.754018095054604,1.0426890503161794,High per-90 output with below-median market value; profile suggests undervalued contribution for role cluster
3612.0,4,6.299366771360294,7.2589013327208765,0.7150726738939542,High per-90 output with below-median market value; profile suggests undervalued contribution for role cluster
5232.0,4,7.845456370381578,9.90787806344742,0.693860711772655,High per-90 output with below-median market value; profile suggests undervalued contribution for role cluster
3533.0,4,8.735923807560482,11.44906513766741,0.6778751967103277,High per-90 output with below-median market value; profile suggests undervalued contribution for role cluster
5544.0,4,8.611019698064515,13.624196352661572,0.09923525301554448,High per-90 output with below-median market value; profile suggests undervalued contribution for role cluster
3302.0,4,5.989008247659575,12.210636682802717,-0.6126831821015813,High per-90 output with below-median market value; profile suggests undervalued contribution for role cluster
5215.0,5,6.7014078715760865,5.038497190641392,1.4162504758983419,High per-90 output with below-median market value; profile suggests undervalued contribution for role cluster
5554.0,5,5.868112547465754,3.9886542326930208,1.3358920392355729,High per-90 output with below-median market value; profile suggests undervalued contribution for role cluster
5239.0,5,6.000674084196429,5.0646304306694425,1.1278752005650672,High per-90 output with below-median market value; profile suggests undervalued contribution for role cluster
3664.0,5,7.257933220673076,7.470913997227318,1.0493699849038816,High per-90 output with below-median market value; profile suggests undervalued contribution for role cluster
5230.0,5,3.4151785714285716,2.7994867815173077,0.6375149411226773,High per-90 output with below-median market value; profile suggests undervalued contribution for role cluster
5678.0,5,6.350806451612904,7.965775301973688,0.5640664016950816,High per-90 output with below-median market value; profile suggests undervalued contribution for role cluster
5548.0,5,5.876956908339041,8.031097581182003,0.3574865861019492,High per-90 output with below-median market value; profile suggests undervalued contribution for role cluster
5242.0,5,5.4409564722,8.344775369552092,0.10581108480397391,High per-90 output with below-median market value; profile suggests undervalued contribution for role cluster
5722.0,5,4.909842864473684,8.092302164654408,-0.046619136402208626,High per-90 output with below-median market value; profile suggests undervalued contribution for role cluster
5726.0,5,4.950159584673913,9.163947336087787,-0.2907100523018725,High per-90 output with below-median market value; profile suggests undervalued contribution for role cluster
3308.0,6,6.708564009464286,3.3880469568301597,1.8200476933949414,High per-90 output with below-median market value; profile suggests undervalued contribution for role cluster
10955.0,6,5.49896296619877,3.6744304080580337,1.2636482073047732,High per-90 output with below-median market value; profile suggests undervalued contribution for role cluster
5689.0,6,6.4108568872438525,6.547956671387537,0.9326427849738903,High per-90 output with below-median market value; profile suggests undervalued contribution for role cluster
3193.0,6,3.894230769230769,5.290723563922847,0.22516533765869146,High per-90 output with below-median market value; profile suggests undervalued contribution for role cluster
5691.0,6,6.900269662822313,11.28199816579972,-0.020345061297785683,High per-90 output with below-median market value; profile suggests undervalued contribution for role cluster
3532.0,6,6.0800345755040315,13.036791310193426,-0.7767317688169524,High per-90 output with below-median market value; profile suggests undervalued contribution for role cluster
3445.0,6,4.022065954338843,11.837819477645416,-1.3137639494479156,High per-90 output with below-median market value; profile suggests undervalued contribution for role cluster
3293.0,6,5.032935464411157,14.978085813556245,-1.6697290991931308,High per-90 output with below-median market value; profile suggests undervalued contribution for role cluster
4272.0,6,5.795052197069806,26.900881265852018,-4.259207876610357,High per-90 output with below-median market value; profile suggests undervalued contribution for role cluster
5685.0,7,5.69620253164557,2.7746957162042283,1.5615899395391746,High per-90 output with below-median market value; profile suggests undervalued contribution for role cluster
6332.0,7,6.75,6.594644126467231,1.0577980557427962,High per-90 output with below-median market value; profile suggests undervalued contribution for role cluster
5221.0,7,6.736318960597828,6.766785212105749,1.010476355781524,High per-90 output with below-median market value; profile suggests undervalued contribution for role cluster
5692.0,7,5.891823566680397,5.905833967972789,0.8797257870616595,High per-90 output with below-median market value; profile suggests undervalued contribution for role cluster
6331.0,7,4.959677419354838,4.465955245439226,0.8543275118916966,High per-90 output with below-median market value; profile suggests undervalued contribution for role cluster
5235.0,7,5.284806812109375,6.978196724091587,0.37492564707720966,High per-90 output with below-median market value; profile suggests undervalued contribution for role cluster
3504.0,7,5.938555778504032,8.071880505283996,0.3723717985855103,High per-90 output with below-median market value; profile suggests undervalued contribution for role cluster
3314.0,7,6.236413043478262,9.218816182192482,0.21364516471732065,High per-90 output with below-median market value; profile suggests undervalued contribution for role cluster
5549.0,7,7.137096774193548,11.147163115262192,0.10772498878058334,High per-90 output with below-median market value; profile suggests undervalued contribution for role cluster
3509.0,7,4.346590909090909,6.543117785227299,0.10300476798507366,High per-90 output with below-median market value; profile suggests undervalued contribution for role cluster
5244.0,7,4.559641715131579,7.902676890680754,-0.14150341792113538,High per-90 output with below-median market value; profile suggests undervalued contribution for role cluster
5622.0,7,4.326923076923077,7.8315594385406975,-0.21789121920426527,High per-90 output with below-median market value; profile suggests undervalued contribution for role cluster
5639.0,7,4.125178998387097,7.720598819141229,-0.2721341113744779,High per-90 output with below-median market value; profile suggests undervalued contribution for role cluster
5227.0,7,3.6657303370786516,9.240153059040868,-0.8261708869688613,High per-90 output with below-median market value; profile suggests undervalued contribution for role cluster
6359.0,7,4.71774193548387,11.593260328104414,-0.9743656526889487,High per-90 output with below-median market value; profile suggests undervalued contribution for role cluster
