per90_npxg,per90_xa,per90_progressive_passes,per90_progressive_carries,per90_pressures,per90_tackles,per90_interceptions,per90_passes_final_third,minutes,player_id,touch_pca_0,touch_pca_1,touch_pca_2,touch_pca_3,touch_pca_4,touch_pca_5,touch_pca_6,touch_pca_7,role_cluster
0.04153361903225806,0.1251000387096774,19.354838709677416,7.741935483870967,32.90322580645161,2.9032258064516125,0.0,17.419354838709676,93,2954.0,-0.06919404696430188,0.09979344307533766,0.04729711283475352,-0.06506404743852141,-0.05450874366616381,-0.021325046431009676,0.05128799679805946,-0.024196112541875255,1
0.0,0.0,6.774193548387096,2.9032258064516125,31.93548387096774,4.838709677419354,1.9354838709677418,5.806451612903225,93,3037.0,-0.04211643931794792,-0.08873377434858043,0.1328474246411139,-0.0404564563416504,0.018340874457826756,-0.07376029467385765,0.0382139682015654,0.0005192601243186254,1
0.12105784444444445,0.0,11.11111111111111,1.1111111111111112,24.444444444444443,2.2222222222222223,0.0,18.88888888888889,81,3094.0,-0.05673406012840658,-0.1676341414975904,0.04707314062532627,0.015599908996046595,-0.004950569120590964,0.016833547165470465,0.06186936291346294,0.01349578991186004,1
0.0,0.0,2.9032258064516125,0.0,0.0,0.0,0.0,0.0,93,3101.0,0.03360067777409737,0.03714173643860924,0.2886374224537247,-0.12662748735534424,-0.08292337451906398,0.049551001212631354,-0.022516847350210062,0.14432783071211308,3
0.0,0.10547324999999998,6.774193548387096,0.0,7.741935483870967,4.354838709677419,0.0,6.290322580645161,186,3168.0,-0.03222562723471345,-0.007735449992919038,0.044574416267348115,-0.002583284029431902,0.042935760833261644,-0.03800590208321137,0.06177333780701964,0.008963158927274796,0
0.0,0.0,2.8846153846153846,4.615384615384615,12.692307692307692,1.7307692307692306,1.7307692307692306,7.5,156,3193.0,-0.08729491109681992,0.21390244986562193,-0.05779526835816883,0.0003574077386657997,0.06381722416869065,-0.06249775133786926,0.04926028971809102,0.04184089334137773,6
0.0,0.0,15.132743362831858,7.168141592920354,2.3893805309734515,2.3893805309734515,0.0,3.982300884955752,113,3205.0,-0.016775123331659293,0.19031390148493993,0.1297392591721551,0.011400971900502101,0.004319631931317922,0.1290444071932011,-0.03423017289659866,-0.05575582287087808,2
0.1497642115909091,0.0,3.0681818181818183,2.0454545454545454,10.227272727272728,0.0,0.0,13.295454545454547,88,3233.0,-0.0710386270990668,-0.08301874713496216,-0.11671219636396539,-0.07299497787318528,-0.06482177634838995,-0.012768053304822693,-0.012286077221734684,0.06796204706608974,3
0.0,0.0,25.86826347305389,5.92814371257485,7.005988023952096,1.6167664670658681,1.0778443113772456,3.772455089820359,167,3244.0,0.05100043458211426,-0.00813573410715689,0.2589191958046191,-0.11800963885416561,-0.050238009979850964,0.00912093909097997,0.0018532330131700418,0.11354977650979463,0
0.0821648826446281,0.01602957644628099,5.206611570247934,1.487603305785124,15.6198347107438,0.743801652892562,0.0,17.107438016528924,121,3293.0,-0.07128171094769323,-7.709246802010319e-06,-0.07543256832051179,-0.02270872023085128,-0.030566912718121016,-0.04111002523285563,0.005713733447631749,0.0286280018081252,6
0.15121621548387096,0.023301509032258062,5.806451612903225,2.9032258064516125,29.032258064516125,6.774193548387096,0.9677419354838709,11.61290322580645,93,3296.0,-0.06183360424223093,-0.18668238388241545,-0.030876891623150167,0.05218236057797928,-0.021701979919274243,0.02073006933733188,0.0373861231715079,-0.03922319072594638,1
0.0,0.03972555574468085,7.659574468085106,5.74468085106383,8.617021276595745,0.0,0.9574468085106382,24.893617021276594,94,3302.0,-0.06630765292010404,0.0799757158113551,-0.12630180934795449,-0.005253800281566172,0.15439599544312388,0.004988953839233576,-0.017308034864485383,0.14100083879422173,4
0.06378700000000001,0.7475822185714286,11.428571428571429,2.857142857142857,13.571428571428573,4.285714285714286,1.4285714285714286,19.28571428571429,126,3308.0,-0.07259281789611582,0.2744499614084016,-0.04586330383682429,0.10739354037677562,0.058712645258009934,-0.006915163662160943,-0.0473796078942129,0.01969157663018845,6
0.0,0.0,22.5,7.82608695652174,6.847826086956522,1.956521739130435,1.956521739130435,8.804347826086957,92,3314.0,-0.05716269810701269,0.26893582182020104,0.0847281383596424,0.0644077297576504,-0.0037344680438482726,0.1026027909142665,0.001770455362189837,-0.07376356993203018,7
0.2324665276744186,0.02978331488372093,2.511627906976744,1.6744186046511629,8.372093023255815,0.0,0.0,7.534883720930233,215,3318.0,-0.07982673249543851,-0.019103740062446573,-0.12428445605110804,-0.049863737655213645,0.002213172064159126,-0.005518347630591958,0.0592017177333381,0.023847020178533032,0
0.0,0.01682104891304348,21.032608695652176,3.91304347826087,10.760869565217392,5.380434782608696,0.48913043478260876,23.47826086956522,184,3329.0,-0.02873232170026886,0.25232207203789675,-0.05336985099812555,0.10871602078967534,0.025972771731645885,-0.03943518082963424,-0.00013196009718099204,0.024115997132230824,0
0.09274669436619717,0.026664088732394366,22.3943661971831,4.647887323943662,1.6901408450704225,2.112676056338028,0.4225352112676056,9.71830985915493,213,3336.0,-0.017394932832146385,-0.1791075975112239,0.11988760073594862,0.04453657529474951,0.034313984226976346,-0.10067428225644469,-0.09499819114986033,-0.028947399423745253,0
0.17178099173553718,0.02127556859504132,1.487603305785124,0.743801652892562,20.826446280991735,0.0,0.0,8.925619834710742,121,3445.0,-0.06925317094733821,-0.06746877887525674,-0.08993728934815888,-0.11564418909774413,-0.06928110599144485,-0.04725622973306646,0.019867790384784284,-0.05358106211035481,6
0.28554790161290317,0.05268472838709677,0.0,0.9677419354838709,31.93548387096774,2.9032258064516125,0.0,13.548387096774192,93,3457.0,-0.06331296868320646,-0.021381127271738645,-0.1356205631882802,-0.09977429936116824,-0.06456428799484659,-0.03392278799624019,-0.021597023059426793,0.02629795879852296,1
0.0,0.0,19.14027149321267,0.8144796380090498,0.0,0.0,0.0,5.294117647058823,221,3468.0,0.5626270022358346,0.0012682703341486466,-0.028903611264708345,0.0034066123530338034,0.004446870994671812,-0.01788366458767136,-0.005691136098143233,0.0026373637425339655,0
0.13646614426229509,0.0,26.557377049180328,4.426229508196721,3.6885245901639343,5.163934426229508,2.2131147540983607,6.639344262295082,122,3494.0,0.011592186378808818,-0.16089402211402645,0.1659456858755265,0.021658242353012096,0.04149510635450992,-0.1253248698196495,-0.08413564377095191,-0.020263896526868243,2
0.02455925806451613,0.01482742258064516,38.70967741935483,4.838709677419354,13.548387096774192,0.9677419354838709,0.0,35.806451612903224,93,3500.0,-0.05568969979925853,-0.05097665449457905,0.056560032589504185,-0.058370820635347334,-0.038440599711475426,-0.09341769519715933,0.011208574260106866,0.01641733930616223,4
0.08274868064516128,0.006342708677419355,9.677419354838708,9.677419354838708,12.580645161290322,0.9677419354838709,0.0,14.516129032258062,93,3504.0,-0.0924241342736792,0.2122665347079526,-0.06920492305374149,-0.023857421125736588,0.024569161078858905,-0.08488661640030218,0.09136766827242589,-0.02307729842504096,7
0.0,0.0,28.636363636363637,1.0227272727272727,0.0,0.0,0.0,5.113636363636364,88,3509.0,0.6712960587702576,0.009583768672302173,-0.08080789375389445,0.013577190544064524,0.0033710795211665916,-0.018416010850140788,0.031830906099648046,-0.011588457397728558,7
0.0,0.011244345967741935,10.887096774193548,1.4516129032258065,21.774193548387096,2.1774193548387095,0.7258064516129032,11.612903225806452,124,3532.0,-0.043919897210806656,-0.06012954321370905,0.06365425839519573,-0.07801149330253403,-0.02122939960471296,-0.030246355403788252,0.09549344399240853,-0.005012147042735393,6
0.05396661048387097,0.1560044951612903,19.354838709677416,5.806451612903225,8.709677419354838,0.9677419354838709,0.0,34.83870967741935,93,3533.0,-0.08826847088914681,0.1771403969419825,-0.15567037970583925,-0.010206983428003077,0.15150836311478214,-0.10734885935644481,-0.01950670386425899,0.11859376511129671,4
0.1842433451612903,0.0,0.0,0.0,3.8709677419354835,0.0,0.0,0.0,93,3569.0,-0.05953946353483422,-0.04922610127198149,-0.16407446657544755,-0.1868622909056783,-0.18781715603301913,-0.00967857098206085,-0.026203053744833817,-0.1629680301329293,3
0.0,0.0,0.0,2.9032258064516125,7.741935483870967,0.0,0.0,2.9032258064516125,93,3576.0,-0.03553336798746598,-0.2018649852428557,-0.10328839932405975,0.058760647764296584,-0.0394233641042008,0.10866787888232837,-0.07257171855667596,0.08415037696126063,3
0.006608051658767772,0.05005564549763033,7.251184834123222,3.838862559241706,5.545023696682464,2.985781990521327,0.42654028436018954,12.796208530805687,211,3594.0,-0.05094508073660594,-0.24594465130410176,-0.04587946565645816,0.16063640484502517,0.06117267751602715,0.11866157506151388,0.053219634916378725,0.008160094225458592,0
0.00866126911764706,0.09215525470588236,17.647058823529413,0.8823529411764706,6.176470588235294,2.6470588235294117,0.0,22.941176470588236,102,3612.0,-0.06464881227552427,-0.27656098674534435,0.005137490247226401,0.1789803042303626,0.0813273068403692,0.08872707636315624,0.010403670349827433,0.005616563891149056,4
0.0,0.0,12.580645161290322,0.0,12.580645161290322,0.0,0.0,2.9032258064516125,93,3645.0,0.003768344119875479,-0.14609695246516047,0.1318797190855019,0.04473728330987305,0.04417179513569463,-0.028447333129548013,-0.0009810875590580885,-0.06589913975228255,3
0.07230047307692307,0.2988576,17.307692307692307,2.3076923076923075,9.23076923076923,0.0,2.3076923076923075,26.538461538461537,78,3664.0,-0.06729284852257911,0.25918646856764893,-0.06527229608545189,0.046063911490918055,0.15933998138156305,0.011590043774106662,-0.03409515747118583,0.001335712784659288,5
0.0,0.0,10.465116279069766,1.0465116279069766,3.13953488372093,0.0,0.0,5.232558139534883,86,3702.0,0.07240343754252236,0.17165603842831922,0.15737581460876868,-0.0031213579878874888,0.012901622559436905,0.17991685305459787,-0.06556606637215792,-0.028780456408290904,3
0.010438738115183246,0.10153207931937172,14.136125654450261,1.4136125654450262,15.078534031413612,1.4136125654450262,0.0,16.020942408376964,191,3707.0,-0.07364210818524498,0.023141707478293506,-0.00861949727701844,-0.04144245615877264,-0.04866671086148848,-0.04279241987942139,0.07812261739517842,-0.0072867346481413995,0
0.09615702609375,0.002983489125,18.28125,1.875,4.6875,1.875,1.40625,6.5625,192,3960.0,0.0019960797228434726,-0.15627414633691558,0.1474992993892626,-0.012655661536163262,-0.00020297272518157117,-0.14373451063750725,-0.06928678623955636,0.004110161164232023,0
0.06952365584415585,0.1220627518831169,5.25974025974026,1.168831168831169,17.532467532467532,1.7532467532467533,0.5844155844155845,19.870129870129873,154,4272.0,-0.06739375541409148,-0.17589443554506098,-0.03028877014372205,0.031193481251370243,-0.002874953271941409,0.02023639021681242,0.04220889745949724,0.026989868286916324,6
0.0,0.0,14.765625,0.703125,0.0,0.0,0.0,2.8125,128,4276.0,0.6100968279497381,0.0014262866791021859,-0.06244446413719165,0.01795109056951223,0.012399848397922799,-0.01891833363437101,0.011466335004212848,-0.018074211726515743,2
0.12635374430051816,0.0028359736787564767,3.2642487046632125,2.7979274611398965,6.528497409326425,1.8652849740932642,0.0,3.7305699481865284,193,4367.0,-0.06029786573445904,-0.1418802867861777,-0.052553622660325885,0.028816143949628795,0.00819758709904975,0.0087225487094549,0.017378960976496383,-0.026317861176036704,0
0.21681506597938144,0.13828907969072166,6.494845360824742,0.0,38.96907216494846,3.711340206185567,0.0,12.061855670103093,97,4417.0,-0.05625463170790112,-0.01807875656486991,-0.05709515177745214,-0.0791363007370073,-0.043143458096113536,-0.04856151613059393,0.027432155209984543,-0.03685079122799383,1
0.060140820290322576,0.006725598387096773,9.677419354838708,1.9354838709677418,26.129032258064512,2.9032258064516125,0.0,14.516129032258062,93,4597.0,-0.056213847797877005,-0.13728598746621246,0.030004503274666573,-0.025465237955693953,-0.019442453370331663,-0.06970394161239614,0.02367050471936649,0.01831548914838944,1
0.0,0.0694421393478261,15.65217391304348,4.891304347826087,21.521739130434785,0.9782608695652175,0.9782608695652175,19.565217391304348,92,4831.0,-0.07391855792772369,0.2531952716622895,-0.05649784420574466,0.026947008669020747,0.15382998975998347,-0.011157743296329245,-0.008089955787840927,-0.029090758355195125,1
0.04106176294736842,0.0,2.8421052631578947,0.9473684210526315,6.631578947368421,0.0,0.9473684210526315,6.631578947368421,95,5204.0,-0.0681549846377561,-0.040333962553706845,-0.0321735852028082,-0.009904438216139391,-0.032978542255348756,0.081979294907771,0.021091062703959135,0.08997058500494924,3
0.0,0.0,16.105263157894736,0.47368421052631576,0.0,0.0,0.0,1.4210526315789473,190,5205.0,0.6562667112175962,0.013356873258209074,-0.05539014599165003,0.00501422312808676,-0.00031645168230311845,-0.0039264443428732795,0.01945632641853241,0.006589915456648967,0
0.29373735254922284,0.10775893056994819,5.129533678756477,2.7979274611398965,7.927461139896374,0.46632124352331605,0.0,13.989637305699482,193,5207.0,-0.07077561259506988,-0.07468452337731227,-0.13564155371450157,-0.041916874026011464,-0.03701270816584147,0.0075740763884800414,0.008569200810028018,0.006756319374172451,0
0.025229215130890055,0.05778290968586387,14.136125654450261,3.769633507853403,13.193717277486911,1.4136125654450262,0.0,16.49214659685864,191,5209.0,-0.05516842246528611,-0.2569431752947294,-0.014053565419640104,0.1426919494389522,0.05280580704194655,0.05125132301621321,-0.0002629866677701642,-0.023599072017247882,0
0.0,0.014462825654450262,24.031413612565444,3.298429319371728,14.607329842931938,0.9424083769633508,0.4712041884816754,14.607329842931938,191,5214.0,-0.0475096875263329,-0.058283177139267776,0.1268929127452958,-0.08545764068303745,-0.04683780681584253,-0.07512201734022188,0.04389185817206776,0.00820124523375575,0
0.0707436195652174,0.062258483478260865,6.521739130434782,5.217391304347826,14.347826086956522,1.3043478260869565,0.0,26.08695652173913,69,5215.0,-0.08040769966156726,0.16068870216318948,-0.11844755327815898,-0.00653741593092087,0.14333873018116144,-0.05905655900626345,-0.01887632317670441,0.0948801662172274,5
0.1157325252631579,0.0,3.789473684210526,4.7368421052631575,21.789473684210527,0.9473684210526315,0.0,10.421052631578947,95,5218.0,-0.06621633520025579,-0.011220260242861707,-0.08718057396046112,0.06628222448111165,-0.05051805660930695,-0.02375193463273359,0.0016496716002638166,0.02306938995394179,1
0.0,0.0,8.26530612244898,0.9183673469387756,3.6734693877551026,2.7551020408163267,1.8367346938775513,1.8367346938775513,98,5220.0,0.02143487742195181,0.08857524931352787,0.20021018374990454,-0.11641049732278992,-0.027805371182393082,0.16680604609469105,-0.010764025661745766,0.026760220639700457,3
0.08620385869565218,0.0,30.326086956521742,3.91304347826087,2.9347826086956523,0.9782608695652175,1.956521739130435,13.695652173913045,92,5221.0,0.013742229874043879,-0.12677338714302575,0.1703819622605897,-0.03823089359994037,-0.006481418654620227,-0.11095796643139512,-0.061888589131058866,0.019572664825106167,7
0.20338220412371133,0.09967084237113402,2.7835051546391756,2.7835051546391756,12.061855670103093,4.639175257731959,0.9278350515463918,12.061855670103093,97,5224.0,-0.03933860008003365,-0.05205775839044216,-0.1521550330672431,-0.10777435130105718,-0.07554055247682143,0.004953803668498279,-0.029672440630935985,0.006616071323278344,3
0.0,0.0,8.26530612244898,0.9183673469387756,25.714285714285715,0.9183673469387756,2.7551020408163267,10.102040816326532,98,5225.0,-0.044155028638658146,0.12526755273311543,0.08607713900746695,-0.06437206719579051,0.004946287751355338,0.011270275980326115,0.04894814747763473,0.04836036779222696,1
0.2407986574468085,0.0,3.829787234042553,0.0,19.148936170212764,3.829787234042553,2.872340425531915,9.574468085106382,94,5226.0,-0.06376114889263727,-0.15965309601037478,-0.053866630982825466,0.039906906485908805,-0.020709774050755,0.03307126822590447,-0.04913339489195632,-0.004688181693726345,1
0.0,0.0,19.213483146067414,4.044943820224719,0.0,0.0,0.0,6.067415730337078,89,5227.0,0.6856331219574484,0.025938267182491637,-0.08158842332494955,0.011821479006371859,0.008248774805963872,0.0015907784221720499,0.03109651157983364,-0.016997268979814354,7
0.0,0.0,9.278350515463918,0.9278350515463918,0.0,0.0,0.0,2.7835051546391756,97,5228.0,0.0034474779177187547,-0.1435866253737542,0.25134810065246854,0.004887733172485855,0.042032227462400866,-0.0914363471011291,-0.15508705354487223,0.042370094819685844,3
0.0,0.0,0.0,0.0,1.9148936170212765,0.9574468085106382,0.0,3.829787234042553,94,5229.0,-0.07255243748223582,0.004540564061107976,-0.2239301713431175,-0.16251809305058043,-0.06766540782836561,-0.02235633196152878,-0.19609607752407393,-0.03295348728369852,3
0.0,0.0,6.428571428571429,1.6071428571428572,9.642857142857142,4.821428571428571,1.6071428571428572,3.2142857142857144,56,5230.0,-0.04827948152265059,-0.2575473149699359,0.04862325148542565,0.15455914904591217,0.09118405503937366,-0.009396712858254573,0.010405252536467654,-0.07964090835061714,5
0.0,0.0,0.9677419354838709,0.9677419354838709,1.9354838709677418,0.0,0.9677419354838709,1.9354838709677418,93,5231.0,-0.0910708504860176,0.226591423854847,-0.12026732491297187,-0.05837632951173438,0.14661318048030839,-0.001078748668607608,-0.05750374591798158,-0.12613846219541278,3
0.07997044263157894,0.15736473094736841,12.31578947368421,1.894736842105263,15.157894736842104,6.631578947368421,1.894736842105263,24.63157894736842,95,5232.0,-0.07008896384393035,-0.051066576086200396,-0.00601561336400066,-0.0066887122581754535,-0.003926534179989456,-0.0020643566434022952,0.06290383281244376,-0.014370768848284565,4
0.0,0.0,12.31578947368421,0.9473684210526315,0.0,0.0,0.0,2.8421052631578947,95,5233.0,0.5849655180966544,0.008063971590528844,-0.0391097071510556,0.004401488104719365,0.0017120776502797996,-0.009752926070321535,-0.005510889512633556,0.0020585995165713707,3
0.008845096875,0.0821094,21.5625,2.8125,4.6875,0.0,0.9375,12.1875,96,5235.0,-0.015700200512396366,0.28550640094252683,-0.0348327886896036,0.11819927356882094,0.06483115187394921,0.03372138887066394,-0.051675472949151216,-0.04682765796004513,7
0.006149360406976744,0.0,18.83720930232558,0.0,24.069767441860463,5.232558139534883,2.093023255813953,17.790697674418603,86,5236.0,-0.0686059931313144,0.00101157198313174,-0.0024172140196451843,-0.06507137799544957,0.02180952384403203,0.010055509956679176,0.08389022501038756,-0.02938954779705445,1
0.17907895042105262,0.44400971557894736,10.421052631578947,3.789473684210526,14.210526315789473,0.9473684210526315,0.9473684210526315,37.89473684210526,95,5237.0,-0.07335518104005227,-0.08963083209275054,-0.09288721767184646,0.012833499484212191,0.018824703930293778,0.03665354011585222,0.048122518552049146,0.07011669308941841,4
0.0,0.43396410214285713,9.0,3.857142857142857,18.0,1.2857142857142856,0.0,15.428571428571429,70,5239.0,-0.07350329729759227,0.18197703896045445,-0.07301030191433046,0.023027005110567267,0.03475579493162812,-0.02221185105139034,-0.052931668885668116,0.052443580320834425,5
0.09967084237113402,0.0,0.9278350515463918,0.0,1.8556701030927836,0.0,0.0,1.8556701030927836,97,5240.0,-0.07084634923407844,-0.07846266091985497,-0.16267673551684875,-0.1928577481655326,-0.20264923338997737,0.011391720435870525,-0.09601359419496974,-0.06567264604034864,3
0.03415769540816327,0.0,9.183673469387756,1.8367346938775513,28.469387755102044,4.591836734693878,2.7551020408163267,10.102040816326532,98,5241.0,-0.048204883742574214,-0.12445493425025364,0.04545785465037178,-0.02783186791685417,-0.020059331583869074,-0.04816989360750953,0.016802682924660167,0.002330824928150011,1
0.3276517776,0.0,9.6,0.0,6.0,1.2,1.2,25.2,75,5242.0,-0.06255413336778104,0.08259230981594257,-0.027202355983244192,-0.05620922700831939,-0.08368295725512756,0.0046468778718525925,0.009492348560021445,-0.0029336905421465825,5
0.4771337210526316,0.0,18.0,1.894736842105263,6.631578947368421,0.0,0.0,9.473684210526315,95,5244.0,-0.015309373124211472,0.13856639066460383,0.08635186833482707,-0.061773148330993774,-0.027687899672904463,0.11070956113369095,-0.049798128149225386,-0.03527473441686938,7
0.0,0.018263013031914896,16.27659574468085,3.829787234042553,18.191489361702125,2.872340425531915,0.9574468085106382,26.80851063829787,94,5245.0,-0.05902319761692724,-0.26349386649502765,-0.010599997237201971,0.17116612389766914,0.07255722306446445,0.06280002776552111,0.03939260665166921,-0.005109971006652086,4
0.0,0.0,9.677419354838708,5.806451612903225,21.29032258064516,1.9354838709677418,1.9354838709677418,12.580645161290322,93,5540.0,-0.03883761961152959,0.016387361532305113,0.14305552555386175,-0.07168813643248649,-0.03468268516446051,-0.03115598803137021,0.05130470869533249,0.019134201115289715,1
0.058015316129032254,0.0,0.0,0.0,0.9677419354838709,0.0,0.0,2.9032258064516125,93,5543.0,0.008452516555923153,-0.10240071553808586,-0.19998642808407469,-0.09574141579134757,-0.15444493927686517,0.09050927382135798,-0.07104169155871266,-0.0068138111324860815,3
0.06506628096774193,0.11341388419354838,15.483870967741934,3.8709677419354835,8.709677419354838,0.0,0.0,40.64516129032258,93,5544.0,-0.0629460249595815,-0.2541915494337768,-0.08499201796546554,0.13783278450457964,0.018036244523766485,0.13755943312799543,0.03846921284313014,0.06833737795635829,4
0.07590645483870967,0.0,1.9354838709677418,0.9677419354838709,0.9677419354838709,0.0,0.0,4.838709677419354,93,5545.0,-0.07100441781044331,-0.18349435626218788,-0.1852424009533872,-0.018572788919823894,-0.13479795494757216,0.13214809286929557,-0.033117102418948226,0.07269246204814755,3
0.05231428451612903,0.0,9.677419354838708,3.8709677419354835,10.64516129032258,0.9677419354838709,1.9354838709677418,19.354838709677416,93,5546.0,-0.06882498348661963,0.24355901808778846,-0.08973080853825079,0.03227538612611693,0.1388055542854036,-0.0421810890603014,-0.0072430360189789916,0.00475269197231299,4
0.09328519726027397,0.07305500095890412,4.931506849315069,3.6986301369863015,14.794520547945206,6.164383561643835,0.0,17.26027397260274,73,5548.0,-0.052143987425251614,-0.18590859454130432,-0.09673260320685267,0.05686343790014206,-0.010867137060530106,0.08554410622294707,-0.005395867611296923,0.015486684352406051,5
0.0,0.0,26.129032258064512,11.61290322580645,6.774193548387096,0.9677419354838709,1.9354838709677418,9.677419354838708,93,5549.0,-0.02545916198423725,-0.2049640177265072,0.14691799152781185,0.06182655979143223,0.05787395676313234,-0.12625842899869458,-0.05054521883733107,-0.052539077016660815,7
0.0,0.0,13.917525773195877,0.0,0.0,0.0,0.0,0.0,97,5550.0,0.6070029290266037,0.006815180086953128,-0.023081870474843683,-0.005980251554782991,-0.004324891073673652,-0.023400003436892906,-0.010067517703450114,0.026055141259680184,3
0.07305500095890412,0.022530310273972603,4.931506849315069,2.4657534246575343,23.424657534246574,1.2328767123287672,0.0,14.794520547945206,73,5554.0,-0.05377651667361176,-0.02838634497939306,-0.10056927825898716,-0.030776756831843853,-0.01358015340841654,-0.05176386946915015,0.009515060715768383,-0.023151410071196855,5
0.0,0.0,10.760869565217392,2.9347826086956523,3.91304347826087,0.0,0.9782608695652175,5.869565217391305,92,5607.0,0.07895920013431516,-0.11754838601342796,0.1673054445464268,-0.02374289047305153,0.006353141203611189,-0.14644913516944222,-0.19101147398992743,0.05181136145444071,3
0.0,0.16597644593023256,9.41860465116279,0.0,33.48837209302325,4.186046511627906,0.0,8.372093023255813,86,5611.0,0.015041893661063949,0.039387027950469826,0.1432867153944037,-0.03850048083762248,-0.04464415888752908,0.05600733501181314,0.01590651992717344,0.0368557144057894,1
0.022004748658536587,0.18635865365853657,21.951219512195124,0.0,27.439024390243905,3.2926829268292686,0.0,17.5609756097561,82,5612.0,0.037617467002747186,0.24455196849397284,-0.032812862907746466,0.10197159639897778,0.008772578057156434,-0.01355542075101554,-0.004736828633978068,-0.015298204056011361,1
0.0,0.19675817032258064,10.64516129032258,0.0,35.806451612903224,1.9354838709677418,0.9677419354838709,13.548387096774192,93,5613.0,-0.04966614811231695,0.23585981142322895,-0.03312841916679447,0.07687478449887443,-0.00393388185109238,0.01150254180007206,-0.04959073743178455,-0.024521581333986534,1
0.0,0.0,1.9354838709677418,0.0,3.8709677419354835,0.0,0.0,0.9677419354838709,93,5615.0,-0.06408576129611422,0.16859440196055575,0.123449513852859,-0.1718253167594425,0.05953304511060389,0.14322006071864238,0.11821024360338564,-0.09790679222638286,3
0.0,0.0,11.73913043478261,0.9782608695652175,20.543478260869566,0.9782608695652175,0.0,16.630434782608695,92,5621.0,0.0022528712716919958,-0.21292733176100545,-0.005848824078217777,0.12786642982736765,0.06468566923331016,0.02451538391954346,-0.012468998924026866,0.0035176230810595073,1
0.0,0.0,23.736263736263737,3.956043956043956,0.0,0.0,0.0,6.923076923076923,91,5622.0,0.7277118543520354,0.02799889528017185,-0.08740422778878783,0.008565956149135221,0.0009507395627002813,-0.000852012528508157,0.03760657442538053,-0.00415355052055023,7
0.2526576822580645,0.0,13.548387096774192,4.838709677419354,26.129032258064512,1.9354838709677418,2.9032258064516125,7.741935483870967,93,5624.0,-0.037381384298431804,0.020108487865823498,0.05398412869213198,-0.06387909781641146,0.024613037614369847,0.006146735703027445,-0.03533861327073361,-0.020560389373223128,1
0.14855206222222223,0.0,7.777777777777778,4.444444444444445,32.22222222222222,1.1111111111111112,1.1111111111111112,17.77777777777778,81,5625.0,-0.056303567835033874,-0.20568438026927632,-0.05301001904399324,0.0382257174675907,-0.029212943731446405,0.016616348127513718,-0.023971903068977805,-0.02099338127707869,1
0.04926777127659574,0.0,0.0,0.0,5.74468085106383,0.0,0.0,0.0,94,5630.0,-0.07820910409078843,0.11293253327656316,-0.0733956661374089,-0.1733251971952263,0.06501004860130062,-0.04090464865179125,0.034839949359778674,-0.0895381201145702,3
0.14670356419354838,0.3120078735483871,9.677419354838708,3.8709677419354835,28.064516129032256,2.9032258064516125,2.9032258064516125,13.548387096774192,93,5632.0,-0.027906302137320187,-0.22408873206245888,-0.023364499635440444,0.12123013875016492,0.03953313824281802,0.05277980476461699,0.026326078002128977,-0.01812244883598307,1
0.09820618064516128,0.0,23.2258064516129,0.0,6.774193548387096,2.9032258064516125,0.0,0.0,93,5639.0,0.006345838363460726,-0.057026324769094104,0.2617336512225258,-0.11260236011983006,-0.025731812841803748,-0.06826966515460915,0.007028050702257829,0.07697181133894741,7
0.0,0.0,11.612903225806452,2.903225806451613,20.322580645161292,2.903225806451613,1.4516129032258065,11.612903225806452,62,5678.0,-0.05840918143151561,-0.04174512477250365,0.032889659140446566,0.0031831018114974957,0.018458753611150677,-0.06201929830889089,0.09373474507219721,-0.012781006160454491,5
0.0,0.0,19.367088607594937,1.139240506329114,15.949367088607595,1.139240506329114,0.0,7.974683544303797,79,5685.0,-0.047419215453169745,0.11475477009455558,0.07487352591380854,-0.019755931773476863,-0.04734257769858472,-0.06107754162072674,0.03815962249073486,-0.02703406730879309,7
0.0,0.004863566692307693,15.384615384615383,1.5384615384615383,16.153846153846153,2.3076923076923075,0.7692307692307692,3.0769230769230766,117,5686.0,-0.0037839736210064042,0.0182637912483505,0.19644559595361497,-0.07972227344047131,-0.040899137806418136,0.0020085941417518184,0.05752060427421287,0.006925865846847506,2
0.04698188503937007,0.07128171921259842,0.7086614173228346,1.4173228346456692,7.086614173228346,3.543307086614173,0.0,6.377952755905511,127,5688.0,-0.07333847743436471,0.0006658850436776394,-0.07889477053035446,-0.14112865856187246,-0.04093914421678965,-0.0535587244345279,-0.017643577966441403,-0.032680942340266195,2
0.07484057336065573,0.31037518032786887,12.540983606557376,2.9508196721311473,19.18032786885246,0.7377049180327868,0.0,15.491803278688524,122,5689.0,-0.09306885951662561,0.1547362197913683,-0.08087161019245698,-0.01998551696592113,0.13689207535036774,-0.07368913065398339,0.042066582106722136,-0.007820841517504888,6
0.004596691834710744,0.15623829669421488,15.6198347107438,9.669421487603305,11.157024793388429,1.487603305785124,1.487603305785124,15.6198347107438,121,5691.0,-0.059019099977274156,-0.25512535887860055,-0.005934787086532835,0.16187766761997655,0.08241061064691033,0.05171013081192151,0.038377118901693937,-0.021873058522351264,6
0.06687901401136363,0.02225497397727273,19.431818181818183,4.090909090909091,4.090909090909091,1.0227272727272727,0.0,18.40909090909091,88,5692.0,-0.08226345612851799,0.14312901835491773,-0.03956902265609231,-0.1081748936491651,0.08217369922124743,-0.06711450983680615,0.0572089506559445,-0.028730230390721676,7
0.0,0.02363769077586207,13.189655172413792,1.5517241379310345,16.29310344827586,0.7758620689655172,0.0,8.534482758620689,116,5696.0,-0.0752740233994415,0.2737497034078865,-0.02623756304047939,0.05219254287750437,0.11530832268880507,0.004977976797188807,-0.013082660756326575,0.027027242360256463,2
0.0,0.0,1.8556701030927836,1.8556701030927836,1.8556701030927836,1.8556701030927836,1.8556701030927836,1.8556701030927836,97,5720.0,-0.04968506928572964,-0.2324649645727497,0.030881719463387317,0.13414255234974573,0.0755584373221463,-0.004027412222249821,-0.028028003361626093,-0.08094520906486836,3
0.19979554736842103,0.0,11.842105263157896,1.1842105263157894,16.57894736842105,1.1842105263157894,1.1842105263157894,7.105263157894737,76,5722.0,-0.0020330245275161996,-0.04574629618718422,0.132807931245833,-0.09877193406232211,-0.0059266900008709,-0.057506500136832076,0.08612410416249495,0.01932503198989248,5
0.0,0.007242065052631579,0.9473684210526315,0.9473684210526315,5.684210526315789,1.894736842105263,0.0,3.789473684210526,95,5723.0,-0.06096486133697182,0.06414689501872535,0.02295733082684101,0.046112727140452205,0.008159830119530425,0.04002783411447803,-0.043816182085967825,0.03487605550765339,3
0.0,0.0,3.829787234042553,0.9574468085106382,0.9574468085106382,0.0,0.0,3.829787234042553,94,5724.0,-0.07555237838705875,0.04861829381288169,-0.04587187854444379,-0.007705410592923437,0.14503398111369678,0.08686254335764382,-0.03286576242711081,0.02756874210017404,3
0.0,0.0,0.9574468085106382,1.9148936170212765,0.9574468085106382,0.9574468085106382,0.0,4.787234042553191,94,5725.0,-0.0718671234915793,-0.12325699935981375,-0.1428386122174204,0.03858863469781665,-0.10219914468321818,0.12761755838923813,0.03410364523672114,0.0735463168061893,3
0.39768804260869567,0.07315385217391304,2.608695652173913,2.608695652173913,13.043478260869565,6.521739130434782,1.3043478260869565,13.043478260869565,69,5726.0,-0.06791875778721443,-0.1032991754704658,-0.12828630068584546,-0.07173502684116667,-0.07044778912123136,0.004116944435369837,0.030607708905611323,-0.010329787088256338,5
0.005767416,0.07997044263157894,15.157894736842104,3.789473684210526,8.526315789473683,3.789473684210526,2.8421052631578947,22.736842105263158,95,5727.0,-0.07348821023605137,0.2750717301875239,-0.03098704754462168,0.09857303129144718,0.0451626495974935,-0.014129913356998564,-0.014100957780519577,0.028663172619963057,4
0.05600072641304348,0.006513067663043479,1.956521739130435,0.0,11.73913043478261,1.956521739130435,0.0,8.804347826086957,92,5835.0,-0.0783058383957245,-0.005727724190961053,-0.12527661941481907,-0.03882923903593212,-0.0505391292859785,-0.04171457894847803,-0.018150086651436,-0.008522282825201288,3
0.0046411560000000004,0.0,8.64,0.72,5.76,0.72,0.0,5.76,125,6193.0,-0.038163391920035206,-0.16407441840678408,-0.02196363339979131,0.015852254920452658,0.005229341448199138,-0.05040587833111562,-0.018150757132929195,-0.026712452876570023,2
0.12815296638655463,0.0,14.369747899159664,1.5126050420168067,13.61344537815126,3.7815126050420167,0.0,1.5126050420168067,119,6196.0,0.016090221356065092,0.14202245514737732,0.17066745205218434,-0.0392994944703192,-0.0536905777376665,0.12005524365535913,0.02710130495540829,6.421535820647684e-05,2
0.17430956790697674,0.03961930290697674,5.232558139534883,6.27906976744186,45.0,1.0465116279069766,0.0,13.604651162790697,86,6330.0,-0.0881498779737168,0.1829845873195934,-0.09223610829340738,-0.003286058710404811,0.11976888141627941,-0.08785631995889125,-0.019206572021191387,0.02853636472995244,1
0.0,0.0,17.419354838709676,6.774193548387096,10.64516129032258,0.9677419354838709,0.0,3.8709677419354835,93,6331.0,-0.038974100872619946,0.2142936287011168,0.14893487324109833,-0.0019217547840281082,-0.006152653083572974,0.15797768981521157,-0.01002941761352711,-0.04064917090845132,7
0.0,0.0,28.799999999999997,4.8,7.199999999999999,3.5999999999999996,0.0,9.6,75,6332.0,-0.029331280432006484,-0.24705073872195013,0.13106540483861415,0.12548199935638532,0.09999473852689447,-0.12428609962590689,-0.014541413312731129,-0.1370623629351362,7
0.0,0.0,2.903225806451613,1.4516129032258065,4.354838709677419,1.4516129032258065,0.0,4.354838709677419,124,6334.0,-0.06264983275451196,-0.21333895387922353,0.030399162603445717,0.0939449126547666,0.0412006510191086,0.0696703171183208,0.03314361758917502,-0.007469032248350684,2
0.0,0.0,0.9677419354838709,0.9677419354838709,2.9032258064516125,0.0,0.0,0.0,93,6358.0,0.05434548101990101,0.18460447434379296,0.16487329608997986,0.011911139825063753,0.003655901922303584,0.2734518843176012,-0.13466008999314955,-0.04691786605484943,3
0.0,0.0,24.193548387096772,3.8709677419354835,3.8709677419354835,0.9677419354838709,0.9677419354838709,3.8709677419354835,93,6359.0,-0.02055757668495877,0.22482145118722804,0.11671492150993576,0.09589899493334889,-0.11934032197689136,0.06347255006483096,-0.0025682955350235202,-0.03928425825823223,7
0.0,0.0,0.7692307692307692,0.0,0.0,0.0,0.0,0.0,117,6360.0,-0.11224584594442692,0.47627325065030746,0.02436259505711052,0.6282216593416247,-0.49601336549311614,-0.18617097891264311,0.02491584741210666,0.006452861184867339,2
0.46711356565573764,0.0,12.540983606557376,2.9508196721311473,8.114754098360656,2.2131147540983607,0.0,17.704918032786885,122,10955.0,-0.0758222347711642,-0.04529507895207388,-0.1052789275674594,-0.07865710751659519,-0.0404847014328651,-0.047623991087536746,0.008364963098461861,0.028352611921748393,6
0.04650684841628959,0.0,8.959276018099548,2.0361990950226243,8.959276018099548,0.4072398190045249,0.0,5.294117647058823,221,10956.0,-0.059654127872912084,0.049711366087089634,0.1254750183567814,-0.0907643728213053,-0.05149140525581192,-0.018598053555458915,0.08551370260216679,0.006482716636334927,0
0.11060501399999999,0.19730028,1.7142857142857142,1.2857142857142856,14.571428571428571,1.7142857142857142,0.0,5.142857142857142,210,10960.0,-0.071232335853909,-0.06355023842688166,-0.12591332403196806,-0.055518662440583684,-0.056244622796198476,0.020042063166984463,-0.00941988309008007,-0.001264968680599779,0
0.2592116634065934,0.0,4.945054945054945,0.0,46.48351648351648,4.945054945054945,0.0,8.901098901098901,91,11098.0,-0.06606678462680705,0.048606582796307356,-0.010066340216237231,-0.06812839266090903,-0.08378960314450357,-0.014200104456535738,-0.0045220477300701055,-0.007327607923353038,1
0.04981628983957219,0.0,24.545454545454543,0.48128342245989303,7.7005347593582885,3.8502673796791442,1.443850267379679,9.144385026737968,187,20016.0,-0.0022654884261726865,0.15457969790868215,0.13958270313585142,0.008432863942815939,-0.05646225126788017,0.04534887856213996,0.023241773009039294,0.001177359519702237,0
